,Year,Month,Day,Hour,Minute,Second,Mean Anomaly,Eccentric Anomaly,Radius,True Anomaly,X,Y,Z
0,2023.0,10.0,8.0,20.0,3.0,0.0,0.027840171577274475,1.6250910260969702,6790.465516144296,1.6539603073347005,-351.8504570963295,-5496.665610168803,3971.560191130626
1,2023.0,10.0,8.0,20.0,3.0,10.0,0.039213728984968554,2.290301275212112,6790.513791729807,2.3309823035491775,-279.1058244174665,-5519.111031532388,3946.212223901102
2,2023.0,10.0,8.0,20.0,3.0,20.0,0.050587286392662634,2.9494148927162187,6790.577793883299,3.0017938655429868,-206.98949715090077,-5540.604047381246,3920.5623210188514
3,2023.0,10.0,8.0,20.0,3.0,30.0,0.06196084380035671,3.61462514183136,6790.658697971249,3.6788030410451293,-134.17709620905623,-5561.539365845956,3894.1394352708076
4,2023.0,10.0,8.0,20.0,3.0,40.0,0.07333440120799395,4.261545496113397,6790.753082738064,4.337189406456855,-63.348005487432964,-5581.1674670877355,3867.9302172142075
5,2023.0,10.0,8.0,20.0,3.0,50.0,0.08470795861563118,4.9931412894375855,6790.87846555854,5.081739989058059,16.762621871204427,-5602.492298250401,3837.6854217795967
